"id","pubchem_id","name","descriptn","synonym","mol_wt","formula","iupac","canonical_smile","isomeric_smile","struct","pdb_file","sdf_file","mol_file","pdb_id","kegg_id","hmdb_id","melting_point","log_p","water_solubility","drugbank_id","drugpedia","receptor","comment","reference","date"
"1","","","","","","","","","","","","","","","","","","","","","","","","","February20,2009 - 8:33PM Fri"
"2","","","","","","","","","","","","","","","","","","","","","","","","","February20,2009 - 8:34PM Fri"
"3","","test","","","","","","","","","","","","","","","","","","","","","","","February20,2009 - 8:36PM Fri"
"4","","pdb","","","","","","","","","HEADER    PROTEIN                                 12-NOV-08   NONE\nTITLE     NULL                                                        \nCOMPND    NULL                                                        \nSOURCE    NULL                                                        \nKEYWDS    NULL                                                        \nEXPDTA    NULL                                                        \nAUTHOR    Marvin                                                      \nREVDAT   1   12-NOV-08         0                                  \nHETATM    1  O   UNK     0      -1.519  -3.541  -4.164  0.00  0.00           O+0\nHETATM    2  O   UNK     0      -4.534  -4.566  -5.651  0.00  0.00           O+0\nHETATM    3  O   UNK     0      -2.427  -3.179  -6.840  0.00  0.00           O+0\nHETATM    4  O   UNK     0      -0.345  -4.673  -2.735  0.00  0.00           O+0\nHETATM    5  C   UNK     0       1.571  10.240  -3.308  0.00  0.00           C+0\nHETATM    6  C   UNK     0       2.154  10.666  -1.936  0.00  0.00           C+0\nHETATM    7  C   UNK     0       1.992   8.812  -3.753  0.00  0.00           C+0\nHETATM    8  C   UNK     0       1.832  12.146  -1.596  0.00  0.00           C+0\nHETATM    9  C   UNK     0      -0.338  -1.963  -1.427  0.00  0.00           C+0\nHETATM   10  C   UNK     0       0.046  -2.410  -2.863  0.00  0.00           C+0\nHETATM   11  C   UNK     0       0.496  -0.749  -0.930  0.00  0.00           C+0\nHETATM   12  C   UNK     0       1.217   8.395  -4.915  0.00  0.00           C+0\nHETATM   13  C   UNK     0       2.237  12.538  -0.158  0.00  0.00           C+0\nHETATM   14  C   UNK     0      -2.212  -4.485  -4.822  0.00  0.00           C+0\nHETATM   15  C   UNK     0      -0.649  -3.616  -3.272  0.00  0.00           C+0\nHETATM   16  C   UNK     0       0.144   7.584  -4.914  0.00  0.00           C+0\nHETATM   17  C   UNK     0      -0.124  -0.099   0.217  0.00  0.00           C+0\nHETATM   18  C   UNK     0      -0.422   6.917  -3.745  0.00  0.00           C+0\nHETATM   19  C   UNK     0      -3.726  -4.266  -4.524  0.00  0.00           C+0\nHETATM   20  C   UNK     0      -1.825  -4.351  -6.318  0.00  0.00           C+0\nHETATM   21  C   UNK     0      -0.870   1.021   0.187  0.00  0.00           C+0\nHETATM   22  C   UNK     0      -1.206   1.794  -1.007  0.00  0.00           C+0\nHETATM   23  C   UNK     0      -1.811   6.495  -3.892  0.00  0.00           C+0\nHETATM   24  C   UNK     0      -1.730   4.499  -2.386  0.00  0.00           C+0\nHETATM   25  C   UNK     0      -2.396   2.627  -0.862  0.00  0.00           C+0\nHETATM   26  C   UNK     0      -2.391   5.445  -3.280  0.00  0.00           C+0\nHETATM   27  C   UNK     0      -2.633   3.803  -1.474  0.00  0.00           C+0\nCONECT    1   14   15                                                       \nCONECT    2   19                                                            \nCONECT    3   20                                                            \nCONECT    4   15                                                            \nCONECT    5    6    7                                                       \nCONECT    6    5    8                                                       \nCONECT    7    5   12                                                       \nCONECT    8    6   13                                                       \nCONECT    9   10   11                                                       \nCONECT   10    9   15                                                       \nCONECT   11    9   17                                                       \nCONECT   12    7   16                                                       \nCONECT   13    8                                                            \nCONECT   14    1   19   20                                                  \nCONECT   15    1    4   10                                                  \nCONECT   16   12   18                                                       \nCONECT   17   11   21                                                       \nCONECT   18   16   23                                                       \nCONECT   19    2   14                                                       \nCONECT   20    3   14                                                       \nCONECT   21   17   22                                                       \nCONECT   22   21   25                                                       \nCONECT   23   18   26                                                       \nCONECT   24   26   27                                                       \nCONECT   25   22   27                                                       \nCONECT   26   23   24                                                       \nCONECT   27   24   25                                                       \nMASTER        0    0    0    0    0    0    0    0   27    0   52    0\nEND","","","","","","","","","","","","","","February20,2009 - 8:37PM Fri"
"5","","","","","","","","","","","","","","","","","","","","","","","","","February20,2009 - 8:42PM Fri"
"6","","","","","","","","","","","","","","","","","","","","","","","","","February20,2009 - 8:42PM Fri"
"7","","","","","","","","","","","","","","","","","","","","","","","","","February20,2009 - 8:45PM Fri"
"8","","","","","","","","","","","","","","","","","","","","","","","","","February20,2009 - 8:47PM Fri"
"9","","","","","","","","","","","","","","","","","","","","","","","","","February20,2009 - 8:52PM Fri"
"10","","","","","","","","","","","","","","","","","","","","","","","","","February20,2009 - 8:55PM Fri"
"11","","","","","","","","","","","","","","","","","","","","","","","","","February20,2009 - 8:58PM Fri"
"12","","","","","","","","","","","","","","","","","","","","","","","","","February20,2009 - 9:00PM Fri"
"13","","","","","","","","","","","","","","","","","","","","","","","","","February20,2009 - 9:01PM Fri"
"14","","","","","","","","","","","","","","","","","","","","","","","","","February20,2009 - 9:03PM Fri"
"15","","","","","","","","","","","","","","","","","","","","","","","","","February20,2009 - 9:17PM Fri"
"16","","","","","","","","","","","","","","","","","","","","","","","","","February21,2009 - 9:26AM Sat"
"17","","","","","","","","","","","","","","","","","","","","","","","","","February24,2009 - 12:56PM Tue"
"18","","","","","","","","","","","","","","","","","","","","","","","","","March23,2009 - 11:59AM Mon"
"19","","","","","","","","","","","","","","","","","","","","","","","","","May23,2009 - 3:37PM Sat"
"20","","","","","","","","","","","","","","","","","","","","","","","","","May28,2009 - 9:53AM Thu"
"21","","","","","","","","","","","","","","","","","","","","","","","","","May28,2009 - 9:53AM Thu"
"22","","","","","","","","","","","","","","","","","","","","","","","","","May28,2009 - 9:54AM Thu"
"23","","","","","","","","","","","","","","","","","","","","","","","","","July12,2009 - 5:19PM Sun"
"24","","","","","","","","","","","","","","","","","","","","","","","","","July13,2009 - 10:09AM Mon"
"25","","","","","","","","","","","","","","","","","","","","","","","","","July6,2011 - 10:35AM Wed"
"26","","","","","","","","","","","","","","","","","","","","","","","","","July7,2011 - 3:22PM Thu"
"27","","","","","","","","","","","","","","","","","","","","","","","","","July12,2011 - 4:57PM Tue"
"28","","","","","","","","","","","<?xml version="1.0" encoding="UTF-8"?>\n<!-- Created with PySCeS (0.1.5) on Thu, 14 Apr 2005 16:46:57 by JS -->\n<sbml xmlns="http://www.sbml.org/sbml/level2" level="2" version="1">\n  <model name="hoefnagel2">\n    <listOfCompartments>\n      <compartment id="compartment" size="1"/>\n    </listOfCompartments>\n    <listOfSpecies>\n      <species id="PEP" compartment="compartment" initialConcentration="0.05"/>\n      <species id="G6P" compartment="compartment" initialConcentration="3"/>\n      <species id="PYR" compartment="compartment" initialConcentration="0.3"/>\n      <species id="F6P" compartment="compartment" initialConcentration="0.7"/>\n      <species id="ATP" compartment="compartment" initialConcentration="5"/>\n      <species id="FBP" compartment="compartment" initialConcentration="30"/>\n      <species id="ADP" compartment="compartment" initialConcentration="5"/>\n      <species id="G3P" compartment="compartment" initialConcentration="1"/>\n      <species id="DHAP" compartment="compartment" initialConcentration="11"/>\n      <species id="NAD" compartment="compartment" initialConcentration="5.2"/>\n      <species id="P" compartment="compartment" initialConcentration="5"/>\n      <species id="DPG" compartment="compartment" initialConcentration="0.1"/>\n      <species id="NADH" compartment="compartment" initialConcentration="0.35"/>\n      <species id="P3G" compartment="compartment" initialConcentration="20"/>\n      <species id="P2G" compartment="compartment" initialConcentration="1.8"/>\n      <species id="ACLAC" compartment="compartment" initialConcentration="0.01"/>\n      <species id="ACET" compartment="compartment" initialConcentration="0.1"/>\n      <species id="COA" compartment="compartment" initialConcentration="0.89"/>\n      <species id="ACCOA" compartment="compartment" initialConcentration="0.11"/>\n      <species id="ACP" compartment="compartment" initialConcentration="0.03145"/>\n      <species id="ACAL" compartment="compartment" initialConcentration="0.11"/>\n      <species id="Glucin" compartment="compartment" initialConcentration="1e-005"/>\n      <species id="G1P" compartment="compartment" initialConcentration="0.02"/>\n      <species id="BUT" compartment="compartment" initialConcentration="0" boundaryCondition="true"/>\n      <species id="ACETOUT" compartment="compartment" initialConcentration="0.1" boundaryCondition="true"/>\n      <species id="Cellwall" compartment="compartment" initialConcentration="1e-005" boundaryCondition="true"/>\n      <species id="UDP" compartment="compartment" initialConcentration="0.1" boundaryCondition="true"/>\n      <species id="TDP" compartment="compartment" initialConcentration="0.1" boundaryCondition="true"/>\n      <species id="O2" compartment="compartment" initialConcentration="0.1" boundaryCondition="true"/>\n      <species id="ETOH" compartment="compartment" initialConcentration="0" boundaryCondition="true"/>\n      <species id="AC" compartment="compartment" initialConcentration="0.02" boundaryCondition="true"/>\n      <species id="FOR" compartment="compartment" initialConcentration="0.02" boundaryCondition="true"/>\n      <species id="Lac" compartment="compartment" initialConcentration="0.1" boundaryCondition="true"/>\n      <species id="Gluc" compartment="compartment" initialConcentration="2" boundaryCondition="true"/>\n    </listOfSpecies>\n    <listOfReactions>\n      <reaction id="v1">\n        <listOfReactants>\n          <speciesReference species="PEP"/>\n          <speciesReference species="Gluc"/>\n        </listOfReactants>\n        <listOfProducts>\n          <speciesReference species="G6P"/>\n          <speciesReference species="PYR"/>\n        </listOfProducts>\n        <kineticLaw>\n          <math xmlns="http://www.w3.org/1998/Math/MathML">\n            <apply>\n              <divide/>\n              <apply>\n                <times/>\n                <ci> Vmax1 </ci>\n                <apply>\n                  <divide/>\n                  <ci> Gluc </ci>\n                  <ci> km1Gluc </ci>\n                </apply>\n                <apply>\n                  <divide/>\n                  <ci> PEP </ci>\n                  <ci> km1PEP </ci>\n                </apply>\n              </apply>\n              <apply>\n                <times/>\n                <apply>\n                  <plus/>\n                  <cn type="integer"> 1 </cn>\n                  <apply>\n                    <divide/>\n                    <ci> Gluc </ci>\n                    <ci> km1Gluc </ci>\n                  </apply>\n                  <apply>\n                    <divide/>\n                    <ci> G6P </ci>\n                    <ci> km1G6P </ci>\n                  </apply>\n                </apply>\n                <apply>\n                  <plus/>\n                  <cn type="integer"> 1 </cn>\n                  <apply>\n                    <divide/>\n                    <ci> PEP </ci>\n                    <ci> km1PEP </ci>\n                  </apply>\n                  <apply>\n                    <divide/>\n                    <ci> PYR </ci>\n                    <ci> km1PYR </ci>\n                  </apply>\n                </apply>\n              </apply>\n            </apply>\n          </math>\n          <listOfParameters>\n            <parameter id="Vmax1" value="160"/>\n            <parameter id="km1Gluc" value="0.015"/>\n            <parameter id="km1PEP" value="0.3"/>\n            <parameter id="km1G6P" value="500"/>\n            <parameter id="km1PYR" value="2"/>\n          </listOfParameters>\n        </kineticLaw>\n      </reaction>\n      <reaction id="v2">\n        <listOfReactants>\n          <speciesReference species="G6P"/>\n        </listOfReactants>\n        <listOfProducts>\n          <speciesReference species="F6P"/>\n        </listOfProducts>\n        <kineticLaw>\n          <math xmlns="http://www.w3.org/1998/Math/MathML">\n            <apply>\n              <divide/>\n              <apply>\n                <times/>\n                <ci> Vmax2 </ci>\n                <apply>\n                  <divide/>\n                  <ci> G6P </ci>\n                  <ci> km2G6P </ci>\n                </apply>\n                <apply>\n                  <minus/>\n                  <cn type="integer"> 1 </cn>\n                  <apply>\n                    <divide/>\n                    <ci> F6P </ci>\n                    <apply>\n                      <times/>\n                      <ci> G6P </ci>\n                      <ci> Keq2 </ci>\n                    </apply>\n                  </apply>\n                </apply>\n              </apply>\n              <apply>\n                <plus/>\n                <cn type="integer"> 1 </cn>\n                <apply>\n                  <divide/>\n                  <ci> G6P </ci>\n                  <ci> km2G6P </ci>\n                </apply>\n                <apply>\n                  <divide/>\n                  <ci> F6P </ci>\n                  <ci> km2F6P </ci>\n                </apply>\n              </apply>\n            </apply>\n          </math>\n          <listOfParameters>\n            <parameter id="Vmax2" value="1280"/>\n            <parameter id="km2G6P" value="1.5"/>\n            <parameter id="Keq2" value="0.314"/>\n            <parameter id="km2F6P" value="0.2"/>\n          </listOfParameters>\n        </kineticLaw>\n      </reaction>\n      <reaction id="v3">\n        <listOfReactants>\n          <speciesReference species="F6P"/>\n          <speciesReference species="ATP"/>\n        </listOfReactants>\n        <listOfProducts>\n          <speciesReference species="FBP"/>\n          <speciesReference species="ADP"/>\n        </listOfProducts>\n        <kineticLaw>\n          <math xmlns="http://www.w3.org/1998/Math/MathML">\n            <apply>\n              <divide/>\n              <apply>\n                <times/>\n                <ci> Vmax3 </ci>\n                <apply>\n                  <minus/>\n                  <cn type="integer"> 1 </cn>\n                  <apply>\n                    <divide/>\n                    <apply>\n                      <power/>\n                      <ci> PEP </ci>\n                      <ci> n3PEP </ci>\n                    </apply>\n                    <apply>\n                      <plus/>\n                      <apply>\n                        <power/>\n                        <ci> k3PEP </ci>\n                        <ci> n3PEP </ci>\n                      </apply>\n                      <apply>\n                        <power/>\n                        <ci> PEP </ci>\n                        <ci> n3PEP </ci>\n                      </apply>\n                    </apply>\n                  </apply>\n                </apply>\n                <cn type="integer"> 1 </cn>\n                <apply>\n                  <divide/>\n                  <apply>\n                    <power/>\n                    <ci> F6P </ci>\n                    <ci> n3 </ci>\n                  </apply>\n                  <apply>\n                    <power/>\n                    <ci> km3F6P </ci>\n                    <ci> n3 </ci>\n                  </apply>\n                </apply>\n                <apply>\n                  <divide/>\n                  <ci> ATP </ci>\n                  <ci> km3ATP </ci>\n                </apply>\n              </apply>\n              <apply>\n                <times/>\n                <apply>\n                  <plus/>\n                  <cn type="integer"> 1 </cn>\n                  <apply>\n                    <divide/>\n                    <apply>\n                      <power/>\n                      <ci> F6P </ci>\n                      <ci> n3 </ci>\n                    </apply>\n                    <apply>\n                      <power/>\n                      <ci> km3F6P </ci>\n                      <ci> n3 </ci>\n                    </apply>\n                  </apply>\n                  <apply>\n                    <divide/>\n                    <ci> FBP </ci>\n                    <ci> km3FBP </ci>\n                  </apply>\n                </apply>\n                <apply>\n                  <plus/>\n                  <cn type="integer"> 1 </cn>\n                  <apply>\n                    <divide/>\n                    <ci> ATP </ci>\n                    <ci> km3ATP </ci>\n                  </apply>\n                  <apply>\n                    <divide/>\n                    <ci> ADP </ci>\n                    <ci> km3ADP </ci>\n                  </apply>\n                </apply>\n              </apply>\n            </apply>\n          </math>\n          <listOfParameters>\n            <parameter id="Vmax3" value="227"/>\n            <parameter id="n3PEP" value="1"/>\n            <parameter id="k3PEP" value="2"/>\n            <parameter id="n3" value="2.9"/>\n            <parameter id="km3F6P" value="0.25"/>\n            <parameter id="km3ATP" value="0.18"/>\n            <parameter id="km3FBP" value="5.8"/>\n            <parameter id="km3ADP" value="0.3"/>\n          </listOfParameters>\n        </kineticLaw>\n      </reaction>\n      <reaction id="v4">\n        <listOfReactants>\n          <speciesReference species="FBP"/>\n        </listOfReactants>\n        <listOfProducts>\n          <speciesReference species="DHAP"/>\n          <speciesReference species="G3P"/>\n        </listOfProducts>\n        <kineticLaw>\n          <math xmlns="http://www.w3.org/1998/Math/MathML">\n            <apply>\n              <divide/>\n              <apply>\n                <times/>\n                <apply>\n                  <divide/>\n                  <apply>\n                    <times/>\n                    <ci> Vmax4 </ci>\n                    <ci> FBP </ci>\n                  </apply>\n                  <ci> K4FBP </ci>\n                </apply>\n                <apply>\n                  <minus/>\n                  <cn type="integer"> 1 </cn>\n                  <apply>\n                    <divide/>\n                    <apply>\n                      <times/>\n                      <ci> G3P </ci>\n                      <ci> DHAP </ci>\n                    </apply>\n                    <apply>\n                      <times/>\n                      <ci> FBP </ci>\n                      <ci> Keq4 </ci>\n                    </apply>\n                  </apply>\n                </apply>\n              </apply>\n              <apply>\n                <plus/>\n                <cn type="integer"> 1 </cn>\n                <apply>\n                  <divide/>\n                  <ci> FBP </ci>\n                  <ci> K4FBP </ci>\n                </apply>\n                <apply>\n                  <divide/>\n                  <ci> DHAP </ci>\n                  <ci> K4DHAP </ci>\n                </apply>\n                <apply>\n                  <divide/>\n                  <ci> G3P </ci>\n                  <ci> K4G3P </ci>\n                </apply>\n                <apply>\n                  <divide/>\n                  <apply>\n                    <times/>\n                    <ci> FBP </ci>\n                    <ci> G3P </ci>\n                  </apply>\n                  <apply>\n                    <times/>\n                    <ci> K4FBP </ci>\n                    <ci> Ki4G3P </ci>\n                  </apply>\n                </apply>\n                <apply>\n                  <divide/>\n                  <apply>\n                    <times/>\n                    <ci> DHAP </ci>\n                    <ci> G3P </ci>\n                  </apply>\n                  <apply>\n                    <times/>\n                    <ci> K4DHAP </ci>\n                    <ci> K4G3P </ci>\n                  </apply>\n                </apply>\n              </apply>\n            </apply>\n          </math>\n          <listOfParameters>\n            <parameter id="Vmax4" value="1100"/>\n            <parameter id="K4FBP" value="0.17"/>\n            <parameter id="Keq4" value="0.056"/>\n            <parameter id="K4DHAP" value="0.13"/>\n            <parameter id="K4G3P" value="0.03"/>\n            <parameter id="Ki4G3P" value="0.23"/>\n          </listOfParameters>\n        </kineticLaw>\n      </reaction>\n      <reaction id="v5">\n        <listOfReactants>\n          <speciesReference species="DHAP"/>\n        </listOfReactants>\n        <listOfProducts>\n          <speciesReference species="G3P"/>\n        </listOfProducts>\n        <kineticLaw>\n          <math xmlns="http://www.w3.org/1998/Math/MathML">\n            <apply>\n              <divide/>\n              <apply>\n                <times/>\n                <ci> Vmax5 </ci>\n                <apply>\n                  <divide/>\n                  <ci> DHAP </ci>\n                  <ci> km5DHAP </ci>\n                </apply>\n                <apply>\n                  <minus/>\n                  <cn type="integer"> 1 </cn>\n                  <apply>\n                    <divide/>\n                    <ci> G3P </ci>\n                    <apply>\n                      <times/>\n                      <ci> DHAP </ci>\n                      <ci> Keq5 </ci>\n                    </apply>\n                  </apply>\n                </apply>\n              </apply>\n              <apply>\n                <plus/>\n                <cn type="integer"> 1 </cn>\n                <apply>\n                  <divide/>\n                  <ci> DHAP </ci>\n                  <ci> km5DHAP </ci>\n                </apply>\n                <apply>\n                  <divide/>\n                  <ci> G3P </ci>\n                  <ci> km5G3P </ci>\n                </apply>\n              </apply>\n            </apply>\n          </math>\n          <listOfParameters>\n            <parameter id="Vmax5" value="17500"/>\n            <parameter id="km5DHAP" value="2.8"/>\n            <parameter id="Keq5" value="0.045"/>\n            <parameter id="km5G3P" value="0.3"/>\n          </listOfParameters>\n        </kineticLaw>\n      </reaction>\n      <reaction id="v6">\n        <listOfReactants>\n          <speciesReference species="NAD"/>\n          <speciesReference species="P"/>\n          <speciesReference species="G3P"/>\n        </listOfReactants>\n        <listOfProducts>\n          <speciesReference species="NADH"/>\n          <speciesReference species="DPG"/>\n        </listOfProducts>\n        <kineticLaw>\n          <math xmlns="http://www.w3.org/1998/Math/MathML">\n            <apply>\n              <divide/>\n              <apply>\n                <times/>\n                <ci> Vmax6 </ci>\n                <apply>\n                  <minus/>\n                  <cn type="integer"> 1 </cn>\n                  <apply>\n                    <divide/>\n                    <apply>\n                      <times/>\n                      <ci> DPG </ci>\n                      <ci> NADH </ci>\n                    </apply>\n                    <apply>\n                      <times/>\n                      <ci> G3P </ci>\n                      <ci> NAD </ci>\n                      <ci> P </ci>\n                      <ci> Keq6 </ci>\n                    </apply>\n                  </apply>\n                </apply>\n                <apply>\n                  <divide/>\n                  <ci> G3P </ci>\n                  <ci> km6G3P </ci>\n                </apply>\n                <apply>\n                  <divide/>\n                  <ci> NAD </ci>\n                  <ci> km6NAD </ci>\n                </apply>\n                <apply>\n                  <divide/>\n                  <ci> P </ci>\n                  <ci> km6P </ci>\n                </apply>\n              </apply>\n              <apply>\n                <times/>\n                <apply>\n                  <plus/>\n                  <cn type="integer"> 1 </cn>\n                  <apply>\n                    <divide/>\n                    <ci> G3P </ci>\n                    <ci> km6G3P </ci>\n                  </apply>\n                  <apply>\n                    <divide/>\n                    <ci> DPG </ci>\n                    <ci> km6DPG </ci>\n                  </apply>\n                </apply>\n                <apply>\n                  <plus/>\n                  <cn type="integer"> 1 </cn>\n                  <apply>\n                    <divide/>\n                    <ci> P </ci>\n                    <ci> km6P </ci>\n                  </apply>\n                </apply>\n                <apply>\n                  <plus/>\n                  <cn type="integer"> 1 </cn>\n                  <apply>\n                    <divide/>\n                    <ci> NAD </ci>\n                    <ci> km6NAD </ci>\n                  </apply>\n                  <apply>\n                    <divide/>\n                    <ci> NADH </ci>\n                    <ci> km6NADH </ci>\n                  </apply>\n                </apply>\n              </apply>\n            </apply>\n          </math>\n          <listOfParameters>\n            <parameter id="Vmax6" value="4984"/>\n            <parameter id="Keq6" value="0.0007"/>\n            <parameter id="km6G3P" value="0.25"/>\n            <parameter id="km6NAD" value="0.2"/>\n            <parameter id="km6P" value="2.35"/>\n            <parameter id="km6DPG" value="0.05"/>\n            <parameter id="km6NADH" value="0.067"/>\n          </listOfParameters>\n        </kineticLaw>\n      </reaction>\n      <reaction id="v7">\n        <listOfReactants>\n          <speciesReference species="ADP"/>\n          <speciesReference species="DPG"/>\n        </listOfReactants>\n        <listOfProducts>\n          <speciesReference species="P3G"/>\n          <speciesReference species="ATP"/>\n        </listOfProducts>\n        <kineticLaw>\n          <math xmlns="http://www.w3.org/1998/Math/MathML">\n            <apply>\n              <divide/>\n              <apply>\n                <times/>\n                <ci> Vmax7 </ci>\n                <apply>\n                  <divide/>\n                  <ci> DPG </ci>\n                  <ci> km7DPG </ci>\n                </apply>\n                <apply>\n                  <divide/>\n                  <ci> ADP </ci>\n                  <ci> km7ADP </ci>\n                </apply>\n                <apply>\n                  <minus/>\n                  <cn type="integer"> 1 </cn>\n                  <apply>\n                    <divide/>\n                    <apply>\n                      <times/>\n                      <ci> P3G </ci>\n                      <ci> ATP </ci>\n                    </apply>\n                    <apply>\n                      <times/>\n                      <ci> DPG </ci>\n                      <ci> ADP </ci>\n                      <ci> Keq7 </ci>\n                    </apply>\n                  </apply>\n                </apply>\n              </apply>\n              <apply>\n                <times/>\n                <apply>\n                  <plus/>\n                  <cn type="integer"> 1 </cn>\n                  <apply>\n                    <divide/>\n                    <ci> DPG </ci>\n                    <ci> km7DPG </ci>\n                  </apply>\n                  <apply>\n                    <divide/>\n                    <ci> P3G </ci>\n                    <ci> km7P3G </ci>\n                  </apply>\n                </apply>\n                <apply>\n                  <plus/>\n                  <cn type="integer"> 1 </cn>\n                  <apply>\n                    <divide/>\n                    <ci> ADP </ci>\n                    <ci> km7ADP </ci>\n                  </apply>\n                  <apply>\n                    <divide/>\n                    <ci> ATP </ci>\n                    <ci> km7ATP </ci>\n                  </apply>\n                </apply>\n              </apply>\n            </apply>\n          </math>\n          <listOfParameters>\n            <parameter id="Vmax7" value="920"/>\n            <parameter id="km7DPG" value="0.003"/>\n            <parameter id="km7ADP" value="0.2"/>\n            <parameter id="Keq7" value="3200"/>\n            <parameter id="km7P3G" value="0.53"/>\n            <parameter id="km7ATP" value="0.3"/>\n          </listOfParameters>\n        </kineticLaw>\n      </reaction>\n      <reaction id="v8">\n        <listOfReactants>\n          <speciesReference species="P3G"/>\n        </listOfReactants>\n        <listOfProducts>\n          <speciesReference species="P2G"/>\n        </listOfProducts>\n        <kineticLaw>\n          <math xmlns="http://www.w3.org/1998/Math/MathML">\n            <apply>\n              <divide/>\n              <apply>\n                <times/>\n                <ci> Vmax8 </ci>\n                <apply>\n                  <divide/>\n                  <ci> P3G </ci>\n                  <ci> km8P3G </ci>\n                </apply>\n                <apply>\n                  <minus/>\n                  <cn type="integer"> 1 </cn>\n                  <apply>\n                    <divide/>\n                    <ci> P2G </ci>\n                    <apply>\n                      <times/>\n                      <ci> P3G </ci>\n                      <ci> Keq8 </ci>\n                    </apply>\n                  </apply>\n                </apply>\n              </apply>\n              <apply>\n                <plus/>\n                <cn type="integer"> 1 </cn>\n                <apply>\n                  <divide/>\n                  <ci> P3G </ci>\n                  <ci> km8P3G </ci>\n                </apply>\n                <apply>\n                  <divide/>\n                  <ci> P2G </ci>\n                  <ci> km8P2G </ci>\n                </apply>\n              </apply>\n            </apply>\n          </math>\n          <listOfParameters>\n            <parameter id="Vmax8" value="1340"/>\n            <parameter id="km8P3G" value="1.2"/>\n            <parameter id="Keq8" value="0.1"/>\n            <parameter id="km8P2G" value="0.1"/>\n          </listOfParameters>\n        </kineticLaw>\n      </reaction>\n      <reaction id="v9">\n        <listOfReactants>\n          <speciesReference species="P2G"/>\n        </listOfReactants>\n        <listOfProducts>\n          <speciesReference species="PEP"/>\n        </listOfProducts>\n        <kineticLaw>\n          <math xmlns="http://www.w3.org/1998/Math/MathML">\n            <apply>\n              <divide/>\n              <apply>\n                <times/>\n                <ci> Vmax9 </ci>\n                <apply>\n                  <divide/>\n                  <ci> P2G </ci>\n                  <ci> km9P2G </ci>\n                </apply>\n                <apply>\n                  <minus/>\n                  <cn type="integer"> 1 </cn>\n                  <apply>\n                    <divide/>\n                    <ci> PEP </ci>\n                    <apply>\n                      <times/>\n                      <ci> P2G </ci>\n                      <ci> Keq9 </ci>\n                    </apply>\n                  </apply>\n                </apply>\n              </apply>\n              <apply>\n                <plus/>\n                <cn type="integer"> 1 </cn>\n                <apply>\n                  <divide/>\n                  <ci> P2G </ci>\n                  <ci> km9P2G </ci>\n                </apply>\n                <apply>\n                  <divide/>\n                  <ci> PEP </ci>\n                  <ci> km9PEP </ci>\n                </apply>\n              </apply>\n            </apply>\n          </math>\n          <listOfParameters>\n            <parameter id="Vmax9" value="1600"/>\n            <parameter id="km9P2G" value="0.04"/>\n            <parameter id="Keq9" value="4.6"/>\n            <parameter id="km9PEP" value="0.5"/>\n          </listOfParameters>\n        </kineticLaw>\n      </reaction>\n      <reaction id="v10">\n        <listOfReactants>\n          <speciesReference species="ADP"/>\n          <speciesReference species="PEP"/>\n        </listOfReactants>\n        <listOfProducts>\n          <speciesReference species="PYR"/>\n          <speciesReference species="ATP"/>\n        </listOfProducts>\n        <kineticLaw>\n          <math xmlns="http://www.w3.org/1998/Math/MathML">\n            <apply>\n              <times/>\n              <apply>\n                <divide/>\n                <apply>\n                  <times/>\n                  <ci> Vmax10 </ci>\n                  <apply>\n                    <power/>\n                    <apply>\n                      <divide/>\n                      <ci> PEP </ci>\n                      <ci> km10PEP </ci>\n                    </apply>\n                    <ci> n10 </ci>\n                  </apply>\n                  <apply>\n                    <divide/>\n                    <ci> ADP </ci>\n                    <ci> km10ADP </ci>\n                  </apply>\n                  <apply>\n                    <minus/>\n                    <cn type="integer"> 1 </cn>\n                    <apply>\n                      <divide/>\n                      <apply>\n                        <times/>\n                        <ci> PYR </ci>\n                        <ci> ATP </ci>\n                      </apply>\n                      <apply>\n                        <times/>\n                        <ci> PEP </ci>\n                        <ci> ADP </ci>\n                        <ci> Keq10 </ci>\n                      </apply>\n                    </apply>\n                  </apply>\n                </apply>\n                <apply>\n                  <times/>\n                  <apply>\n                    <plus/>\n                    <cn type="integer"> 1 </cn>\n                    <apply>\n                      <power/>\n                      <apply>\n                        <divide/>\n                        <ci> PEP </ci>\n                        <ci> km10PEP </ci>\n                      </apply>\n                      <ci> n10 </ci>\n                    </apply>\n                    <apply>\n                      <divide/>\n                      <ci> PYR </ci>\n                      <ci> km10PYR </ci>\n                    </apply>\n                  </apply>\n                  <apply>\n                    <plus/>\n                    <cn type="integer"> 1 </cn>\n                    <apply>\n                      <divide/>\n                      <ci> ADP </ci>\n                      <ci> km10ADP </ci>\n                    </apply>\n                    <apply>\n                      <divide/>\n                      <ci> ATP </ci>\n                      <ci> km10ATP </ci>\n                    </apply>\n                  </apply>\n                </apply>\n              </apply>\n              <apply>\n                <divide/>\n                <cn type="integer"> 1 </cn>\n                <apply>\n                  <plus/>\n                  <cn type="integer"> 1 </cn>\n                  <apply>\n                    <divide/>\n                    <apply>\n                      <power/>\n                      <ci> P </ci>\n                      <cn type="integer"> 3 </cn>\n                    </apply>\n                    <apply>\n                      <times/>\n                      <ci> Ki10 </ci>\n                      <apply>\n                        <power/>\n                        <apply>\n                          <plus/>\n                          <cn type="integer"> 1 </cn>\n                          <apply>\n                            <divide/>\n                            <ci> FBP </ci>\n                            <ci> K10FBP </ci>\n                          </apply>\n                          <apply>\n                            <divide/>\n                            <ci> G6P </ci>\n                            <ci> K10G6P </ci>\n                          </apply>\n                        </apply>\n                        <cn type="integer"> 3 </cn>\n                      </apply>\n                    </apply>\n                  </apply>\n                </apply>\n              </apply>\n            </apply>\n          </math>\n          <listOfParameters>\n            <parameter id="Vmax10" value="2030"/>\n            <parameter id="km10PEP" value="0.17"/>\n            <parameter id="n10" value="1.4"/>\n            <parameter id="km10ADP" value="1"/>\n            <parameter id="Keq10" value="6500"/>\n            <parameter id="km10PYR" value="21"/>\n            <parameter id="km10ATP" value="10"/>\n            <parameter id="Ki10" value="0.77"/>\n            <parameter id="K10FBP" value="9.1"/>\n            <parameter id="K10G6P" value="0.48"/>\n          </listOfParameters>\n        </kineticLaw>\n      </reaction>\n      <reaction id="v11">\n        <listOfReactants>\n          <speciesReference species="NADH"/>\n          <speciesReference species="PYR"/>\n        </listOfReactants>\n        <listOfProducts>\n          <speciesReference species="Lac"/>\n          <speciesReference species="NAD"/>\n        </listOfProducts>\n        <kineticLaw>\n          <math xmlns="http://www.w3.org/1998/Math/MathML">\n            <apply>\n              <divide/>\n              <apply>\n                <times/>\n                <apply>\n                  <divide/>\n                  <ci> FBP </ci>\n                  <apply>\n                    <plus/>\n                    <ci> FBP </ci>\n                    <ci> k11FBP </ci>\n                  </apply>\n                </apply>\n                <ci> Vmax11 </ci>\n                <apply>\n                  <divide/>\n                  <ci> PYR </ci>\n                  <ci> km11PYR </ci>\n                </apply>\n                <apply>\n                  <divide/>\n                  <ci> NADH </ci>\n                  <ci> km11NADH </ci>\n                </apply>\n                <apply>\n                  <minus/>\n                  <cn type="integer"> 1 </cn>\n                  <apply>\n                    <divide/>\n                    <apply>\n                      <times/>\n                      <ci> Lac </ci>\n                      <ci> NAD </ci>\n                    </apply>\n                    <apply>\n                      <times/>\n                      <ci> PYR </ci>\n                      <ci> NADH </ci>\n                      <ci> Keq11 </ci>\n                    </apply>\n                  </apply>\n                </apply>\n              </apply>\n              <apply>\n                <times/>\n                <apply>\n                  <plus/>\n                  <cn type="integer"> 1 </cn>\n                  <apply>\n                    <divide/>\n                    <ci> PYR </ci>\n                    <ci> km11PYR </ci>\n                  </apply>\n                  <apply>\n                    <divide/>\n                    <ci> Lac </ci>\n                    <ci> km11Lac </ci>\n                  </apply>\n                </apply>\n                <apply>\n                  <plus/>\n                  <cn type="integer"> 1 </cn>\n                  <apply>\n                    <divide/>\n                    <ci> NADH </ci>\n                    <ci> km11NADH </ci>\n                  </apply>\n                  <apply>\n                    <divide/>\n                    <ci> NAD </ci>\n                    <ci> km11NAD </ci>\n                  </apply>\n                </apply>\n              </apply>\n            </apply>\n          </math>\n          <listOfParameters>\n            <parameter id="k11FBP" value="0.003"/>\n            <parameter id="Vmax11" value="3300"/>\n            <parameter id="km11PYR" value="1.5"/>\n            <parameter id="km11NADH" value="0.2"/>\n            <parameter id="Keq11" value="360000"/>\n            <parameter id="km11Lac" value="100"/>\n            <parameter id="km11NAD" value="2.4"/>\n          </listOfParameters>\n        </kineticLaw>\n      </reaction>\n      <reaction id="v12">\n        <listOfReactants>\n          <speciesReference species="PYR" stoichiometry="2"/>\n        </listOfReactants>\n        <listOfProducts>\n          <speciesReference species="ACLAC"/>\n        </listOfProducts>\n        <kineticLaw>\n          <math xmlns="http://www.w3.org/1998/Math/MathML">\n            <apply>\n              <divide/>\n              <apply>\n                <times/>\n                <ci> Vmax12 </ci>\n                <apply>\n                  <divide/>\n                  <ci> PYR </ci>\n                  <ci> K12PYR </ci>\n                </apply>\n                <apply>\n                  <minus/>\n                  <cn type="integer"> 1 </cn>\n                  <apply>\n                    <divide/>\n                    <ci> ACLAC </ci>\n                    <apply>\n                      <times/>\n                      <ci> PYR </ci>\n                      <ci> Keq12 </ci>\n                    </apply>\n                  </apply>\n                </apply>\n                <apply>\n                  <power/>\n                  <apply>\n                    <plus/>\n                    <apply>\n                      <divide/>\n                      <ci> PYR </ci>\n                      <ci> K12PYR </ci>\n                    </apply>\n                    <apply>\n                      <divide/>\n                      <ci> ACLAC </ci>\n                      <ci> K12ACLAC </ci>\n                    </apply>\n                  </apply>\n                  <apply>\n                    <minus/>\n                    <ci> h12 </ci>\n                    <cn type="integer"> 1 </cn>\n                  </apply>\n                </apply>\n              </apply>\n              <apply>\n                <plus/>\n                <cn type="integer"> 1 </cn>\n                <apply>\n                  <power/>\n                  <apply>\n                    <plus/>\n                    <apply>\n                      <divide/>\n                      <ci> PYR </ci>\n                      <ci> K12PYR </ci>\n                    </apply>\n                    <apply>\n                      <divide/>\n                      <ci> ACLAC </ci>\n                      <ci> K12ACLAC </ci>\n                    </apply>\n                  </apply>\n                  <ci> h12 </ci>\n                </apply>\n              </apply>\n            </apply>\n          </math>\n          <listOfParameters>\n            <parameter id="Vmax12" value="600"/>\n            <parameter id="K12PYR" value="50"/>\n            <parameter id="Keq12" value="900000"/>\n            <parameter id="K12ACLAC" value="100"/>\n            <parameter id="h12" value="2.4"/>\n          </listOfParameters>\n        </kineticLaw>\n      </reaction>\n      <reaction id="v13">\n        <listOfReactants>\n          <speciesReference species="ACLAC"/>\n        </listOfReactants>\n        <listOfProducts>\n          <speciesReference species="ACET"/>\n        </listOfProducts>\n        <kineticLaw>\n          <math xmlns="http://www.w3.org/1998/Math/MathML">\n            <apply>\n              <divide/>\n              <apply>\n                <times/>\n                <apply>\n                  <divide/>\n                  <apply>\n                    <times/>\n                    <ci> Vmax13 </ci>\n                    <ci> ACLAC </ci>\n                  </apply>\n                  <ci> Km13ACLAC </ci>\n                </apply>\n                <apply>\n                  <minus/>\n                  <cn type="integer"> 1 </cn>\n                  <apply>\n                    <divide/>\n                    <ci> ACET </ci>\n                    <apply>\n                      <times/>\n                      <ci> ACLAC </ci>\n                      <ci> Keq13 </ci>\n                    </apply>\n                  </apply>\n                </apply>\n                <apply>\n                  <power/>\n                  <apply>\n                    <plus/>\n                    <apply>\n                      <divide/>\n                      <ci> ACLAC </ci>\n                      <ci> Km13ACLAC </ci>\n                    </apply>\n                    <apply>\n                      <divide/>\n                      <ci> ACET </ci>\n                      <ci> Km13ACET </ci>\n                    </apply>\n                  </apply>\n                  <apply>\n                    <minus/>\n                    <ci> h13 </ci>\n                    <cn type="integer"> 1 </cn>\n                  </apply>\n                </apply>\n              </apply>\n              <apply>\n                <plus/>\n                <cn type="integer"> 1 </cn>\n                <apply>\n                  <power/>\n                  <apply>\n                    <plus/>\n                    <apply>\n                      <divide/>\n                      <ci> ACLAC </ci>\n                      <ci> Km13ACLAC </ci>\n                    </apply>\n                    <apply>\n                      <divide/>\n                      <ci> ACET </ci>\n                      <ci> Km13ACET </ci>\n                    </apply>\n                  </apply>\n                  <ci> h13 </ci>\n                </apply>\n              </apply>\n            </apply>\n          </math>\n          <listOfParameters>\n            <parameter id="Vmax13" value="106"/>\n            <parameter id="Km13ACLAC" value="10"/>\n            <parameter id="Keq13" value="900000"/>\n            <parameter id="Km13ACET" value="100"/>\n            <parameter id="h13" value="1"/>\n          </listOfParameters>\n        </kineticLaw>\n      </reaction>\n      <reaction id="v14">\n        <listOfReactants>\n          <speciesReference species="ACET"/>\n        </listOfReactants>\n        <listOfProducts>\n          <speciesReference species="ACETOUT"/>\n        </listOfProducts>\n        <kineticLaw>\n          <math xmlns="http://www.w3.org/1998/Math/MathML">\n            <apply>\n              <divide/>\n              <apply>\n                <times/>\n                <ci> Vmax14 </ci>\n                <apply>\n                  <divide/>\n                  <ci> ACET </ci>\n                  <ci> Km14ACET </ci>\n                </apply>\n              </apply>\n              <apply>\n                <plus/>\n                <cn type="integer"> 1 </cn>\n                <apply>\n                  <divide/>\n                  <ci> ACET </ci>\n                  <ci> Km14ACET </ci>\n                </apply>\n              </apply>\n            </apply>\n          </math>\n          <listOfParameters>\n            <parameter id="Vmax14" value="83.3"/>\n            <parameter id="Km14ACET" value="5"/>\n          </listOfParameters>\n        </kineticLaw>\n      </reaction>\n      <reaction id="v15">\n        <listOfReactants>\n          <speciesReference species="ACLAC"/>\n        </listOfReactants>\n        <listOfProducts>\n          <speciesReference species="ACET"/>\n        </listOfProducts>\n        <kineticLaw>\n          <math xmlns="http://www.w3.org/1998/Math/MathML">\n            <apply>\n              <times/>\n              <ci> Vmax15 </ci>\n              <ci> ACLAC </ci>\n            </apply>\n          </math>\n          <listOfParameters>\n            <parameter id="Vmax15" value="0.0003"/>\n          </listOfParameters>\n        </kineticLaw>\n      </reaction>\n      <reaction id="v16">\n        <listOfReactants>\n          <speciesReference species="NADH"/>\n          <speciesReference species="ACET"/>\n        </listOfReactants>\n        <listOfProducts>\n          <speciesReference species="BUT"/>\n          <speciesReference species="NAD"/>\n        </listOfProducts>\n        <kineticLaw>\n          <math xmlns="http://www.w3.org/1998/Math/MathML">\n            <apply>\n              <divide/>\n              <apply>\n                <times/>\n                <ci> Vmax16 </ci>\n                <apply>\n                  <divide/>\n                  <ci> ACET </ci>\n                  <ci> km16ACET </ci>\n                </apply>\n                <apply>\n                  <divide/>\n                  <ci> NADH </ci>\n                  <ci> km16NADH </ci>\n                </apply>\n                <apply>\n                  <minus/>\n                  <cn type="integer"> 1 </cn>\n                  <apply>\n                    <divide/>\n                    <apply>\n                      <times/>\n                      <ci> BUT </ci>\n                      <ci> NAD </ci>\n                    </apply>\n                    <apply>\n                      <times/>\n                      <ci> ACET </ci>\n                      <ci> NADH </ci>\n                      <ci> Keq16 </ci>\n                    </apply>\n                  </apply>\n                </apply>\n              </apply>\n              <apply>\n                <times/>\n                <apply>\n                  <plus/>\n                  <cn type="integer"> 1 </cn>\n                  <apply>\n                    <divide/>\n                    <ci> ACET </ci>\n                    <ci> km16ACET </ci>\n                  </apply>\n                  <apply>\n                    <divide/>\n                    <ci> BUT </ci>\n                    <ci> km16BUT </ci>\n                  </apply>\n                </apply>\n                <apply>\n                  <plus/>\n                  <cn type="integer"> 1 </cn>\n                  <apply>\n                    <divide/>\n                    <ci> NADH </ci>\n                    <ci> km16NADH </ci>\n                  </apply>\n                  <apply>\n                    <divide/>\n                    <ci> NAD </ci>\n                    <ci> km16NAD </ci>\n                  </apply>\n                </apply>\n              </apply>\n            </apply>\n          </math>\n          <listOfParameters>\n            <parameter id="Vmax16" value="43.3"/>\n            <parameter id="km16ACET" value="0.06"/>\n            <parameter id="km16NADH" value="0.02"/>\n            <parameter id="Keq16" value="1400"/>\n            <parameter id="km16BUT" value="2.6"/>\n            <parameter id="km16NAD" value="0.16"/>\n          </listOfParameters>\n        </kineticLaw>\n      </reaction>\n      <reaction id="v17">\n        <listOfReactants>\n          <speciesReference species="PYR"/>\n          <speciesReference species="COA"/>\n        </listOfReactants>\n        <listOfProducts>\n          <speciesReference species="FOR"/>\n          <speciesReference species="ACCOA"/>\n        </listOfProducts>\n        <kineticLaw>\n          <math xmlns="http://www.w3.org/1998/Math/MathML">\n            <apply>\n              <divide/>\n              <apply>\n                <times/>\n                <ci> Vmax17 </ci>\n                <apply>\n                  <divide/>\n                  <ci> PYR </ci>\n                  <ci> km17PYR </ci>\n                </apply>\n                <apply>\n                  <divide/>\n                  <ci> COA </ci>\n                  <ci> km17COA </ci>\n                </apply>\n                <apply>\n                  <minus/>\n                  <cn type="integer"> 1 </cn>\n                  <apply>\n                    <divide/>\n                    <apply>\n                      <times/>\n                      <ci> FOR </ci>\n                      <ci> ACCOA </ci>\n                    </apply>\n                    <apply>\n                      <times/>\n                      <ci> PYR </ci>\n                      <ci> COA </ci>\n                      <ci> Keq17 </ci>\n                    </apply>\n                  </apply>\n                </apply>\n              </apply>\n              <apply>\n                <times/>\n                <apply>\n                  <plus/>\n                  <cn type="integer"> 1 </cn>\n                  <apply>\n                    <divide/>\n                    <apply>\n                      <plus/>\n                      <ci> G3P </ci>\n                      <ci> DHAP </ci>\n                    </apply>\n                    <ci> ki17 </ci>\n                  </apply>\n                </apply>\n                <apply>\n                  <plus/>\n                  <cn type="integer"> 1 </cn>\n                  <apply>\n                    <divide/>\n                    <ci> PYR </ci>\n                    <ci> km17PYR </ci>\n                  </apply>\n                  <apply>\n                    <divide/>\n                    <ci> FOR </ci>\n                    <ci> km17FOR </ci>\n                  </apply>\n                </apply>\n                <apply>\n                  <plus/>\n                  <cn type="integer"> 1 </cn>\n                  <apply>\n                    <divide/>\n                    <ci> COA </ci>\n                    <ci> km17COA </ci>\n                  </apply>\n                  <apply>\n                    <divide/>\n                    <ci> ACCOA </ci>\n                    <ci> km17ACCOA </ci>\n                  </apply>\n                </apply>\n              </apply>\n            </apply>\n          </math>\n          <listOfParameters>\n            <parameter id="Vmax17" value="114"/>\n            <parameter id="km17PYR" value="1"/>\n            <parameter id="km17COA" value="0.007"/>\n            <parameter id="Keq17" value="650"/>\n            <parameter id="ki17" value="0.2"/>\n            <parameter id="km17FOR" value="24"/>\n            <parameter id="km17ACCOA" value="0.05"/>\n          </listOfParameters>\n        </kineticLaw>\n      </reaction>\n      <reaction id="v18">\n        <listOfReactants>\n          <speciesReference species="P"/>\n          <speciesReference species="ACCOA"/>\n        </listOfReactants>\n        <listOfProducts>\n          <speciesReference species="ACP"/>\n          <speciesReference species="COA"/>\n        </listOfProducts>\n        <kineticLaw>\n          <math xmlns="http://www.w3.org/1998/Math/MathML">\n            <apply>\n              <divide/>\n              <apply>\n                <times/>\n                <ci> Vmax18 </ci>\n                <apply>\n                  <divide/>\n                  <ci> ACCOA </ci>\n                  <ci> km18ACCOA </ci>\n                </apply>\n                <apply>\n                  <divide/>\n                  <ci> P </ci>\n                  <ci> km18P </ci>\n                </apply>\n                <apply>\n                  <minus/>\n                  <cn type="integer"> 1 </cn>\n                  <apply>\n                    <divide/>\n                    <apply>\n                      <times/>\n                      <ci> ACP </ci>\n                      <ci> COA </ci>\n                    </apply>\n                    <apply>\n                      <times/>\n                      <ci> ACCOA </ci>\n                      <ci> P </ci>\n                      <ci> Keq18 </ci>\n                    </apply>\n                  </apply>\n                </apply>\n              </apply>\n              <apply>\n                <times/>\n                <apply>\n                  <plus/>\n                  <cn type="integer"> 1 </cn>\n                  <apply>\n                    <divide/>\n                    <ci> ACCOA </ci>\n                    <ci> km18ACCOA </ci>\n                  </apply>\n                  <apply>\n                    <divide/>\n                    <ci> ACP </ci>\n                    <ci> km18ACP </ci>\n                  </apply>\n                </apply>\n                <apply>\n                  <plus/>\n                  <cn type="integer"> 1 </cn>\n                  <apply>\n                    <divide/>\n                    <ci> P </ci>\n                    <ci> km18P </ci>\n                  </apply>\n                  <apply>\n                    <divide/>\n                    <ci> COA </ci>\n                    <ci> km18COA </ci>\n                  </apply>\n                </apply>\n              </apply>\n            </apply>\n          </math>\n          <listOfParameters>\n            <parameter id="Vmax18" value="720"/>\n            <parameter id="km18ACCOA" value="0.06"/>\n            <parameter id="km18P" value="5"/>\n            <parameter id="Keq18" value="0.0281"/>\n            <parameter id="km18ACP" value="0.48"/>\n            <parameter id="km18COA" value="0.1"/>\n          </listOfParameters>\n        </kineticLaw>\n      </reaction>\n      <reaction id="v19">\n        <listOfReactants>\n          <speciesReference species="ADP"/>\n          <speciesReference species="ACP"/>\n        </listOfReactants>\n        <listOfProducts>\n          <speciesReference species="AC"/>\n          <speciesReference species="ATP"/>\n        </listOfProducts>\n        <kineticLaw>\n          <math xmlns="http://www.w3.org/1998/Math/MathML">\n            <apply>\n              <divide/>\n              <apply>\n                <times/>\n                <ci> Vmax19 </ci>\n                <apply>\n                  <divide/>\n                  <ci> ACP </ci>\n                  <ci> km19ACP </ci>\n                </apply>\n                <apply>\n                  <divide/>\n                  <ci> ADP </ci>\n                  <ci> km19ADP </ci>\n                </apply>\n                <apply>\n                  <minus/>\n                  <cn type="integer"> 1 </cn>\n                  <apply>\n                    <divide/>\n                    <apply>\n                      <times/>\n                      <ci> AC </ci>\n                      <ci> ATP </ci>\n                    </apply>\n                    <apply>\n                      <times/>\n                      <ci> ACP </ci>\n                      <ci> ADP </ci>\n                      <ci> Keq19 </ci>\n                    </apply>\n                  </apply>\n                </apply>\n              </apply>\n              <apply>\n                <times/>\n                <apply>\n                  <plus/>\n                  <cn type="integer"> 1 </cn>\n                  <apply>\n                    <divide/>\n                    <ci> ACP </ci>\n                    <ci> km19ACP </ci>\n                  </apply>\n                  <apply>\n                    <divide/>\n                    <ci> AC </ci>\n                    <ci> km19AC </ci>\n                  </apply>\n                </apply>\n                <apply>\n                  <plus/>\n                  <cn type="integer"> 1 </cn>\n                  <apply>\n                    <divide/>\n                    <ci> ADP </ci>\n                    <ci> km19ADP </ci>\n                  </apply>\n                  <apply>\n                    <divide/>\n                    <ci> ATP </ci>\n                    <ci> km19ATP </ci>\n                  </apply>\n                </apply>\n              </apply>\n            </apply>\n          </math>\n          <listOfParameters>\n            <parameter id="Vmax19" value="500"/>\n            <parameter id="km19ACP" value="0.16"/>\n            <parameter id="km19ADP" value="0.5"/>\n            <parameter id="Keq19" value="174.22"/>\n            <parameter id="km19AC" value="7"/>\n            <parameter id="km19ATP" value="7"/>\n          </listOfParameters>\n        </kineticLaw>\n      </reaction>\n      <reaction id="v20">\n        <listOfReactants>\n          <speciesReference species="NAD"/>\n          <speciesReference species="PYR"/>\n          <speciesReference species="COA"/>\n        </listOfReactants>\n        <listOfProducts>\n          <speciesReference species="NADH"/>\n          <speciesReference species="ACCOA"/>\n        </listOfProducts>\n        <kineticLaw>\n          <math xmlns="http://www.w3.org/1998/Math/MathML">\n            <apply>\n              <times/>\n              <apply>\n                <divide/>\n                <apply>\n                  <times/>\n                  <ci> Vmax20 </ci>\n                  <apply>\n                    <divide/>\n                    <ci> PYR </ci>\n                    <ci> k20PYR </ci>\n                  </apply>\n                  <apply>\n                    <divide/>\n                    <ci> NAD </ci>\n                    <ci> k20NAD </ci>\n                  </apply>\n                  <apply>\n                    <divide/>\n                    <ci> COA </ci>\n                    <ci> k20COA </ci>\n                  </apply>\n                </apply>\n                <apply>\n                  <times/>\n                  <apply>\n                    <plus/>\n                    <cn type="integer"> 1 </cn>\n                    <apply>\n                      <divide/>\n                      <ci> PYR </ci>\n                      <ci> k20PYR </ci>\n                    </apply>\n                  </apply>\n                  <apply>\n                    <plus/>\n                    <cn type="integer"> 1 </cn>\n                    <apply>\n                      <divide/>\n                      <ci> NAD </ci>\n                      <ci> k20NAD </ci>\n                    </apply>\n                    <apply>\n                      <divide/>\n                      <ci> NADH </ci>\n                      <ci> k20NADH </ci>\n                    </apply>\n                  </apply>\n                  <apply>\n                    <plus/>\n                    <cn type="integer"> 1 </cn>\n                    <apply>\n                      <divide/>\n                      <ci> COA </ci>\n                      <ci> k20COA </ci>\n                    </apply>\n                    <apply>\n                      <divide/>\n                      <ci> ACCOA </ci>\n                      <ci> k20ACCOA </ci>\n                    </apply>\n                  </apply>\n                </apply>\n              </apply>\n              <apply>\n                <divide/>\n                <cn type="integer"> 1 </cn>\n                <apply>\n                  <plus/>\n                  <cn type="integer"> 1 </cn>\n                  <apply>\n                    <times/>\n                    <ci> Ki20 </ci>\n                    <apply>\n                      <divide/>\n                      <ci> NADH </ci>\n                      <ci> NAD </ci>\n                    </apply>\n                  </apply>\n                </apply>\n              </apply>\n            </apply>\n          </math>\n          <listOfParameters>\n            <parameter id="Vmax20" value="60"/>\n            <parameter id="k20PYR" value="1"/>\n            <parameter id="k20NAD" value="0.4"/>\n            <parameter id="k20COA" value="0.014"/>\n            <parameter id="k20NADH" value="0.1"/>\n            <parameter id="k20ACCOA" value="0.008"/>\n            <parameter id="Ki20" value="49.36"/>\n          </listOfParameters>\n        </kineticLaw>\n      </reaction>\n      <reaction id="v21">\n        <listOfReactants>\n          <speciesReference species="NADH"/>\n          <speciesReference species="ACCOA"/>\n        </listOfReactants>\n        <listOfProducts>\n          <speciesReference species="NAD"/>\n          <speciesReference species="ACAL"/>\n          <speciesReference species="COA"/>\n        </listOfProducts>\n        <kineticLaw>\n          <math xmlns="http://www.w3.org/1998/Math/MathML">\n            <apply>\n              <divide/>\n              <apply>\n                <minus/>\n                <apply>\n                  <divide/>\n                  <apply>\n                    <times/>\n                    <ci> Vmax21 </ci>\n                    <ci> NADH </ci>\n                    <ci> ACCOA </ci>\n                  </apply>\n                  <apply>\n                    <times/>\n                    <ci> K21NADH </ci>\n                    <ci> K21ACCOA </ci>\n                  </apply>\n                </apply>\n                <apply>\n                  <divide/>\n                  <apply>\n                    <times/>\n                    <ci> Vmax21 </ci>\n                    <ci> NAD </ci>\n                    <ci> COA </ci>\n                    <ci> ACAL </ci>\n                  </apply>\n                  <apply>\n                    <times/>\n                    <ci> K21NADH </ci>\n                    <ci> K21ACCOA </ci>\n                    <ci> KEQ21 </ci>\n                  </apply>\n                </apply>\n              </apply>\n              <apply>\n                <times/>\n                <apply>\n                  <plus/>\n                  <cn type="integer"> 1 </cn>\n                  <apply>\n                    <divide/>\n                    <ci> NADH </ci>\n                    <ci> K21NADH </ci>\n                  </apply>\n                  <apply>\n                    <divide/>\n                    <ci> NAD </ci>\n                    <ci> K21NAD </ci>\n                  </apply>\n                </apply>\n                <apply>\n                  <plus/>\n                  <cn type="integer"> 1 </cn>\n                  <apply>\n                    <divide/>\n                    <ci> ACCOA </ci>\n                    <ci> K21ACCOA </ci>\n                  </apply>\n                  <apply>\n                    <divide/>\n                    <ci> COA </ci>\n                    <ci> K21COA </ci>\n                  </apply>\n                </apply>\n                <apply>\n                  <plus/>\n                  <cn type="integer"> 1 </cn>\n                  <apply>\n                    <divide/>\n                    <ci> ACAL </ci>\n                    <ci> K21ACAL </ci>\n                  </apply>\n                </apply>\n              </apply>\n            </apply>\n          </math>\n          <listOfParameters>\n            <parameter id="Vmax21" value="100"/>\n            <parameter id="K21NADH" value="0.025"/>\n            <parameter id="K21ACCOA" value="0.007"/>\n            <parameter id="KEQ21" value="1"/>\n            <parameter id="K21NAD" value="0.08"/>\n            <parameter id="K21COA" value="0.008"/>\n            <parameter id="K21ACAL" value="10"/>\n          </listOfParameters>\n        </kineticLaw>\n      </reaction>\n      <reaction id="v22">\n        <listOfReactants>\n          <speciesReference species="ACAL"/>\n          <speciesReference species="NADH"/>\n        </listOfReactants>\n        <listOfProducts>\n          <speciesReference species="NAD"/>\n          <speciesReference species="ETOH"/>\n        </listOfProducts>\n        <kineticLaw>\n          <math xmlns="http://www.w3.org/1998/Math/MathML">\n            <apply>\n              <divide/>\n              <apply>\n                <times/>\n                <ci> Vmax22 </ci>\n                <apply>\n                  <divide/>\n                  <ci> ACAL </ci>\n                  <ci> km22ACAL </ci>\n                </apply>\n                <apply>\n                  <divide/>\n                  <ci> NADH </ci>\n                  <ci> km22NADH </ci>\n                </apply>\n                <apply>\n                  <minus/>\n                  <cn type="integer"> 1 </cn>\n                  <apply>\n                    <divide/>\n                    <apply>\n                      <times/>\n                      <ci> ETOH </ci>\n                      <ci> NAD </ci>\n                    </apply>\n                    <apply>\n                      <times/>\n                      <ci> ACAL </ci>\n                      <ci> NADH </ci>\n                      <ci> Keq22 </ci>\n                    </apply>\n                  </apply>\n                </apply>\n              </apply>\n              <apply>\n                <times/>\n                <apply>\n                  <plus/>\n                  <cn type="integer"> 1 </cn>\n                  <apply>\n                    <divide/>\n                    <ci> ACAL </ci>\n                    <ci> km22ACAL </ci>\n                  </apply>\n                  <apply>\n                    <divide/>\n                    <ci> ETOH </ci>\n                    <ci> km22ETOH </ci>\n                  </apply>\n                </apply>\n                <apply>\n                  <plus/>\n                  <cn type="integer"> 1 </cn>\n                  <apply>\n                    <divide/>\n                    <ci> NADH </ci>\n                    <ci> km22NADH </ci>\n                  </apply>\n                  <apply>\n                    <divide/>\n                    <ci> NAD </ci>\n                    <ci> km22NAD </ci>\n                  </apply>\n                </apply>\n              </apply>\n            </apply>\n          </math>\n          <listOfParameters>\n            <parameter id="Vmax22" value="270"/>\n            <parameter id="km22ACAL" value="0.03"/>\n            <parameter id="km22NADH" value="0.05"/>\n            <parameter id="Keq22" value="12355"/>\n            <parameter id="km22ETOH" value="1"/>\n            <parameter id="km22NAD" value="0.08"/>\n          </listOfParameters>\n        </kineticLaw>\n      </reaction>\n      <reaction id="v23">\n        <listOfReactants>\n          <speciesReference species="ATP"/>\n        </listOfReactants>\n        <listOfProducts>\n          <speciesReference species="P"/>\n          <speciesReference species="ADP"/>\n        </listOfProducts>\n        <kineticLaw>\n          <math xmlns="http://www.w3.org/1998/Math/MathML">\n            <apply>\n              <divide/>\n              <apply>\n                <times/>\n                <ci> Vmax23 </ci>\n                <apply>\n                  <power/>\n                  <apply>\n                    <divide/>\n                    <ci> ATP </ci>\n                    <ci> ADP </ci>\n                  </apply>\n                  <ci> N23 </ci>\n                </apply>\n              </apply>\n              <apply>\n                <plus/>\n                <apply>\n                  <power/>\n                  <ci> K23ATP </ci>\n                  <ci> N23 </ci>\n                </apply>\n                <apply>\n                  <power/>\n                  <apply>\n                    <divide/>\n                    <ci> ATP </ci>\n                    <ci> ADP </ci>\n                  </apply>\n                  <ci> N23 </ci>\n                </apply>\n              </apply>\n            </apply>\n          </math>\n          <listOfParameters>\n            <parameter id="Vmax23" value="1000"/>\n            <parameter id="N23" value="2.58"/>\n            <parameter id="K23ATP" value="6.196"/>\n          </listOfParameters>\n        </kineticLaw>\n      </reaction>\n      <reaction id="v24">\n        <listOfReactants>\n          <speciesReference species="NADH"/>\n          <speciesReference species="O2"/>\n        </listOfReactants>\n        <listOfProducts>\n          <speciesReference species="NAD"/>\n        </listOfProducts>\n        <kineticLaw>\n          <math xmlns="http://www.w3.org/1998/Math/MathML">\n            <apply>\n              <divide/>\n              <apply>\n                <divide/>\n                <apply>\n                  <times/>\n                  <apply>\n                    <divide/>\n                    <apply>\n                      <times/>\n                      <ci> Vmax24 </ci>\n                      <ci> NADH </ci>\n                    </apply>\n                    <ci> KM24OXNADH </ci>\n                  </apply>\n                  <ci> O2 </ci>\n                </apply>\n                <ci> KM24OXO </ci>\n              </apply>\n              <apply>\n                <times/>\n                <apply>\n                  <plus/>\n                  <cn type="integer"> 1 </cn>\n                  <apply>\n                    <divide/>\n                    <ci> NADH </ci>\n                    <ci> KM24OXNADH </ci>\n                  </apply>\n                  <apply>\n                    <divide/>\n                    <ci> NAD </ci>\n                    <ci> KM24OXNAD </ci>\n                  </apply>\n                </apply>\n                <apply>\n                  <plus/>\n                  <cn type="integer"> 1 </cn>\n                  <apply>\n                    <divide/>\n                    <ci> O2 </ci>\n                    <ci> KM24OXO </ci>\n                  </apply>\n                </apply>\n              </apply>\n            </apply>\n          </math>\n          <listOfParameters>\n            <parameter id="Vmax24" value="30"/>\n            <parameter id="KM24OXNADH" value="0.041"/>\n            <parameter id="KM24OXO" value="0.01"/>\n            <parameter id="KM24OXNAD" value="0.2"/>\n          </listOfParameters>\n        </kineticLaw>\n      </reaction>\n      <reaction id="v25">\n        <listOfReactants>\n          <speciesReference species="FBP"/>\n        </listOfReactants>\n        <listOfProducts>\n          <speciesReference species="F6P"/>\n          <speciesReference species="P"/>\n        </listOfProducts>\n        <kineticLaw>\n          <math xmlns="http://www.w3.org/1998/Math/MathML">\n            <apply>\n              <divide/>\n              <apply>\n                <times/>\n                <ci> Vmax25 </ci>\n                <apply>\n                  <divide/>\n                  <ci> FBP </ci>\n                  <ci> km25FBP </ci>\n                </apply>\n              </apply>\n              <apply>\n                <plus/>\n                <cn type="integer"> 1 </cn>\n                <apply>\n                  <divide/>\n                  <ci> FBP </ci>\n                  <ci> km25FBP </ci>\n                </apply>\n                <apply>\n                  <divide/>\n                  <ci> F6P </ci>\n                  <ci> km25F6P </ci>\n                </apply>\n              </apply>\n            </apply>\n          </math>\n          <listOfParameters>\n            <parameter id="Vmax25" value="0.01"/>\n            <parameter id="km25FBP" value="10"/>\n            <parameter id="km25F6P" value="2"/>\n          </listOfParameters>\n        </kineticLaw>\n      </reaction>\n      <reaction id="v26">\n        <listOfReactants>\n          <speciesReference species="G6P"/>\n        </listOfReactants>\n        <listOfProducts>\n          <speciesReference species="P"/>\n          <speciesReference species="Glucin"/>\n        </listOfProducts>\n        <kineticLaw>\n          <math xmlns="http://www.w3.org/1998/Math/MathML">\n            <apply>\n              <divide/>\n              <apply>\n                <times/>\n                <ci> Vmax26 </ci>\n                <apply>\n                  <divide/>\n                  <ci> G6P </ci>\n                  <ci> K26G6P </ci>\n                </apply>\n              </apply>\n              <apply>\n                <plus/>\n                <cn type="integer"> 1 </cn>\n                <apply>\n                  <divide/>\n                  <ci> G6P </ci>\n                  <ci> K26G6P </ci>\n                </apply>\n              </apply>\n            </apply>\n          </math>\n          <listOfParameters>\n            <parameter id="Vmax26" value="0.1"/>\n            <parameter id="K26G6P" value="20"/>\n          </listOfParameters>\n        </kineticLaw>\n      </reaction>\n      <reaction id="v27">\n        <listOfReactants>\n          <speciesReference species="G6P"/>\n        </listOfReactants>\n        <listOfProducts>\n          <speciesReference species="G1P"/>\n        </listOfProducts>\n        <kineticLaw>\n          <math xmlns="http://www.w3.org/1998/Math/MathML">\n            <apply>\n              <divide/>\n              <apply>\n                <times/>\n                <ci> Vmax27 </ci>\n                <apply>\n                  <divide/>\n                  <ci> G6P </ci>\n                  <ci> km27G6P </ci>\n                </apply>\n                <apply>\n                  <minus/>\n                  <cn type="integer"> 1 </cn>\n                  <apply>\n                    <divide/>\n                    <ci> G1P </ci>\n                    <apply>\n                      <times/>\n                      <ci> G6P </ci>\n                      <ci> Keq27 </ci>\n                    </apply>\n                  </apply>\n                </apply>\n              </apply>\n              <apply>\n                <plus/>\n                <cn type="integer"> 1 </cn>\n                <apply>\n                  <divide/>\n                  <ci> G6P </ci>\n                  <ci> km27G6P </ci>\n                </apply>\n                <apply>\n                  <divide/>\n                  <ci> G1P </ci>\n                  <ci> km27G1P </ci>\n                </apply>\n              </apply>\n            </apply>\n          </math>\n          <listOfParameters>\n            <parameter id="Vmax27" value="35"/>\n            <parameter id="km27G6P" value="0.05"/>\n            <parameter id="Keq27" value="0.0585"/>\n            <parameter id="km27G1P" value="0.004"/>\n          </listOfParameters>\n        </kineticLaw>\n      </reaction>\n      <reaction id="v28">\n        <listOfReactants>\n          <speciesReference species="ATP" stoichiometry="5"/>\n          <speciesReference species="G1P" stoichiometry="5"/>\n          <speciesReference species="NADH" stoichiometry="2"/>\n          <speciesReference species="UDP" stoichiometry="3"/>\n          <speciesReference species="TDP" stoichiometry="2"/>\n        </listOfReactants>\n        <listOfProducts>\n          <speciesReference species="Cellwall"/>\n          <speciesReference species="ADP" stoichiometry="5"/>\n          <speciesReference species="NAD" stoichiometry="2"/>\n          <speciesReference species="P" stoichiometry="10"/>\n        </listOfProducts>\n        <kineticLaw>\n          <math xmlns="http://www.w3.org/1998/Math/MathML">\n            <apply>\n              <divide/>\n              <apply>\n                <times/>\n                <ci> Vmax28 </ci>\n                <apply>\n                  <divide/>\n                  <ci> G1P </ci>\n                  <ci> k28g1p </ci>\n                </apply>\n                <apply>\n                  <divide/>\n                  <ci> ATP </ci>\n                  <ci> k28atp </ci>\n                </apply>\n                <apply>\n                  <divide/>\n                  <ci> NADH </ci>\n                  <ci> k28nadh </ci>\n                </apply>\n              </apply>\n              <apply>\n                <times/>\n                <apply>\n                  <plus/>\n                  <cn type="integer"> 1 </cn>\n                  <apply>\n                    <divide/>\n                    <ci> G1P </ci>\n                    <ci> k28g1p </ci>\n                  </apply>\n                  <apply>\n                    <divide/>\n                    <ci> P </ci>\n                    <ci> k28p </ci>\n                  </apply>\n                </apply>\n                <apply>\n                  <plus/>\n                  <cn type="integer"> 1 </cn>\n                  <apply>\n                    <divide/>\n                    <ci> ATP </ci>\n                    <ci> k28atp </ci>\n                  </apply>\n                  <apply>\n                    <divide/>\n                    <ci> ADP </ci>\n                    <ci> k28ADP </ci>\n                  </apply>\n                </apply>\n                <apply>\n                  <plus/>\n                  <cn type="integer"> 1 </cn>\n                  <apply>\n                    <divide/>\n                    <ci> NADH </ci>\n                    <ci> k28nadh </ci>\n                  </apply>\n                  <apply>\n                    <divide/>\n                    <ci> NAD </ci>\n                    <ci> k28nad </ci>\n                  </apply>\n                </apply>\n              </apply>\n            </apply>\n          </math>\n          <listOfParameters>\n            <parameter id="Vmax28" value="10"/>\n            <parameter id="k28g1p" value="0.05"/>\n            <parameter id="k28atp" value="7"/>\n            <parameter id="k28nadh" value="0.02"/>\n            <parameter id="k28p" value="30"/>\n            <parameter id="k28ADP" value="1"/>\n            <parameter id="k28nad" value="1"/>\n          </listOfParameters>\n        </kineticLaw>\n      </reaction>\n      <reaction id="v29">\n        <listOfReactants>\n          <speciesReference species="ATP"/>\n          <speciesReference species="Glucin"/>\n        </listOfReactants>\n        <listOfProducts>\n          <speciesReference species="ADP"/>\n          <speciesReference species="G6P"/>\n        </listOfProducts>\n        <kineticLaw>\n          <math xmlns="http://www.w3.org/1998/Math/MathML">\n            <apply>\n              <divide/>\n              <apply>\n                <times/>\n                <ci> Vmax29 </ci>\n                <apply>\n                  <divide/>\n                  <ci> Glucin </ci>\n                  <ci> km29Glucin </ci>\n                </apply>\n                <apply>\n                  <divide/>\n                  <ci> ATP </ci>\n                  <ci> km29ATP </ci>\n                </apply>\n              </apply>\n              <apply>\n                <times/>\n                <apply>\n                  <plus/>\n                  <cn type="integer"> 1 </cn>\n                  <apply>\n                    <divide/>\n                    <ci> Glucin </ci>\n                    <ci> km29Glucin </ci>\n                  </apply>\n                  <apply>\n                    <divide/>\n                    <ci> G6P </ci>\n                    <ci> km29G6P </ci>\n                  </apply>\n                </apply>\n                <apply>\n                  <plus/>\n                  <cn type="integer"> 1 </cn>\n                  <apply>\n                    <divide/>\n                    <ci> ATP </ci>\n                    <ci> km29ATP </ci>\n                  </apply>\n                  <apply>\n                    <divide/>\n                    <ci> ADP </ci>\n                    <ci> km29ADP </ci>\n                  </apply>\n                </apply>\n              </apply>\n            </apply>\n          </math>\n          <listOfParameters>\n            <parameter id="Vmax29" value="60"/>\n            <parameter id="km29Glucin" value="0.2"/>\n            <parameter id="km29ATP" value="0.05"/>\n            <parameter id="km29G6P" value="5"/>\n            <parameter id="km29ADP" value="5"/>\n          </listOfParameters>\n        </kineticLaw>\n      </reaction>\n    </listOfReactions>\n  </model>\n</sbml>","","","","","","","","","","","","","","May6,2014 - 9:49PM Tue"
"29","","","","","","","","","","","","","","","","","","","","","","","","","April29,2021 - 7:38PM Thu"
